{
    "task": "SQUAD",
    "num_layers": 24,
    "encoder_start_ipu": 2,
    "layers_per_ipu": [4],
    "hidden_size": 1024,
    "attention_heads": 16,
    "sequence_length": 384,
    "vocab_length": 30400,
    "popart_dtype": "FLOAT16",
    "no_dropout": false,
    "stochastic_rounding": true,
    "enable_half_partials": true,
    "batches_per_step": 4,
    "epochs": 2,
    "epochs_per_save": 1,
    "steps_per_save": 512,
    "steps_per_log": 100,
    "aggregate_metrics_over_steps": 1,
    "loss_scaling": 32.0,
    "batch_size": 1,
    "gradient_accumulation_factor": 32,
    "replication_factor": 1,
    "optimizer_state_offchip": true,
    "gradient_reduction_type": "Mean",
    "optimizer": "ADAM_NO_BIAS",
    "beta1": 0.9,
    "beta2": 0.999,
    "weight_decay": 1e-2,
    "lr_schedule_by_step": {
        "0": 1e-07,
        "1": 3.1666666666666667e-07,
        "2": 5.333333333333333e-07,
        "3": 7.5e-07,
        "4": 9.666666666666666e-07,
        "5": 1.1833333333333336e-06,
        "6": 1.4000000000000001e-06,
        "7": 1.6166666666666667e-06,
        "8": 1.8333333333333333e-06,
        "9": 2.05e-06,
        "10": 2.266666666666667e-06,
        "11": 2.483333333333333e-06,
        "12": 2.7e-06,
        "13": 2.916666666666667e-06,
        "14": 3.1333333333333335e-06,
        "15": 3.35e-06,
        "16": 3.5666666666666667e-06,
        "17": 3.7833333333333337e-06,
        "18": 4e-06,
        "19": 4.216666666666667e-06,
        "20": 4.433333333333334e-06,
        "21": 4.65e-06,
        "22": 4.866666666666666e-06,
        "23": 5.0833333333333335e-06,
        "24": 5.3e-06,
        "25": 5.516666666666667e-06,
        "26": 5.733333333333334e-06,
        "27": 5.950000000000001e-06,
        "28": 6.166666666666667e-06,
        "29": 6.383333333333333e-06,
        "30": 6.6e-06,
        "31": 6.816666666666667e-06,
        "32": 7.0333333333333335e-06,
        "33": 7.250000000000001e-06,
        "34": 7.4666666666666675e-06,
        "35": 7.683333333333335e-06,
        "36": 7.9e-06,
        "37": 8.116666666666668e-06,
        "38": 8.333333333333335e-06,
        "39": 8.550000000000001e-06,
        "40": 8.766666666666669e-06,
        "41": 8.983333333333334e-06,
        "42": 9.200000000000002e-06,
        "43": 9.416666666666667e-06,
        "44": 9.633333333333333e-06,
        "45": 9.850000000000002e-06,
        "46": 1.0066666666666668e-05,
        "47": 1.0283333333333335e-05,
        "48": 1.0500000000000001e-05,
        "49": 1.0716666666666669e-05,
        "50": 1.0933333333333334e-05,
        "51": 1.115e-05,
        "52": 1.1366666666666669e-05,
        "53": 1.1583333333333335e-05,
        "54": 1.1800000000000002e-05,
        "55": 1.2016666666666668e-05,
        "56": 1.2233333333333335e-05,
        "57": 1.2450000000000001e-05,
        "58": 1.2666666666666667e-05,
        "59": 1.2883333333333336e-05,
        "60": 1.3100000000000002e-05,
        "61": 1.3316666666666669e-05,
        "62": 1.3533333333333335e-05,
        "63": 1.375e-05,
        "64": 1.3966666666666668e-05,
        "65": 1.4183333333333334e-05,
        "66": 1.4400000000000003e-05,
        "67": 1.4616666666666668e-05,
        "68": 1.4833333333333336e-05,
        "69": 1.5050000000000002e-05,
        "70": 1.5266666666666667e-05,
        "71": 1.548333333333333e-05,
        "72": 1.57e-05,
        "73": 1.5916666666666666e-05,
        "74": 1.6133333333333334e-05,
        "75": 1.6349999999999998e-05,
        "76": 1.656666666666667e-05,
        "77": 1.6783333333333336e-05,
        "78": 1.7e-05,
        "79": 1.7216666666666667e-05,
        "80": 1.7433333333333335e-05,
        "81": 1.7650000000000002e-05,
        "82": 1.7866666666666666e-05,
        "83": 1.8083333333333334e-05,
        "84": 1.83e-05,
        "85": 1.8516666666666665e-05,
        "86": 1.8733333333333332e-05,
        "87": 1.895e-05,
        "88": 1.9166666666666664e-05,
        "89": 1.938333333333333e-05,
        "90": 1.9600000000000002e-05,
        "91": 1.981666666666667e-05,
        "92": 2.0033333333333334e-05,
        "93": 2.025e-05,
        "94": 2.046666666666667e-05,
        "95": 2.0683333333333332e-05,
        "96": 2.09e-05,
        "97": 2.1116666666666667e-05,
        "98": 2.1333333333333335e-05,
        "99": 2.155e-05,
        "100": 2.1766666666666666e-05,
        "101": 2.1983333333333333e-05,
        "102": 2.2199999999999998e-05,
        "103": 2.2416666666666665e-05,
        "104": 2.2633333333333336e-05,
        "105": 2.2850000000000003e-05,
        "106": 2.3066666666666667e-05,
        "107": 2.3283333333333335e-05,
        "108": 2.3500000000000002e-05,
        "109": 2.3716666666666666e-05,
        "110": 2.3933333333333333e-05,
        "111": 2.415e-05,
        "112": 2.4366666666666668e-05,
        "113": 2.4583333333333332e-05,
        "114": 2.48e-05,
        "115": 2.5016666666666667e-05,
        "116": 2.523333333333333e-05,
        "117": 2.545e-05,
        "118": 2.566666666666667e-05,
        "119": 2.5883333333333337e-05,
        "120": 2.61e-05,
        "121": 2.6316666666666668e-05,
        "122": 2.6533333333333336e-05,
        "123": 2.675e-05,
        "124": 2.6966666666666667e-05,
        "125": 2.7183333333333335e-05,
        "126": 2.74e-05,
        "127": 2.7616666666666666e-05,
        "128": 2.7833333333333333e-05,
        "129": 2.805e-05,
        "130": 2.8266666666666665e-05,
        "131": 2.8483333333333332e-05,
        "132": 2.8700000000000003e-05,
        "133": 2.8916666666666667e-05,
        "134": 2.9133333333333334e-05,
        "135": 2.9350000000000002e-05,
        "136": 2.956666666666667e-05,
        "137": 2.9783333333333333e-05,
        "138": 3e-05,
        "146": 2.9808025682182987e-05,
        "154": 2.9616051364365973e-05,
        "162": 2.942407704654896e-05,
        "170": 2.923210272873194e-05,
        "178": 2.9040128410914927e-05,
        "186": 2.8848154093097913e-05,
        "194": 2.86561797752809e-05,
        "202": 2.8464205457463885e-05,
        "210": 2.827223113964687e-05,
        "218": 2.8080256821829857e-05,
        "226": 2.7888282504012843e-05,
        "234": 2.769630818619583e-05,
        "242": 2.750433386837881e-05,
        "250": 2.7312359550561798e-05,
        "258": 2.7120385232744784e-05,
        "266": 2.692841091492777e-05,
        "274": 2.6736436597110756e-05,
        "282": 2.654446227929374e-05,
        "290": 2.6352487961476727e-05,
        "298": 2.616051364365971e-05,
        "306": 2.5968539325842696e-05,
        "314": 2.5776565008025682e-05,
        "322": 2.5584590690208668e-05,
        "330": 2.5392616372391654e-05,
        "338": 2.520064205457464e-05,
        "346": 2.5008667736757626e-05,
        "354": 2.4816693418940612e-05,
        "362": 2.4624719101123598e-05,
        "370": 2.443274478330658e-05,
        "378": 2.4240770465489566e-05,
        "386": 2.4048796147672552e-05,
        "394": 2.385682182985554e-05,
        "402": 2.3664847512038524e-05,
        "410": 2.3472873194221507e-05,
        "418": 2.3280898876404496e-05,
        "426": 2.308892455858748e-05,
        "434": 2.2896950240770465e-05,
        "442": 2.270497592295345e-05,
        "450": 2.2513001605136437e-05,
        "458": 2.2321027287319423e-05,
        "466": 2.212905296950241e-05,
        "474": 2.1937078651685395e-05,
        "482": 2.1745104333868377e-05,
        "490": 2.1553130016051367e-05,
        "498": 2.136115569823435e-05,
        "506": 2.1169181380417335e-05,
        "514": 2.097720706260032e-05,
        "522": 2.0785232744783307e-05,
        "530": 2.0593258426966293e-05,
        "538": 2.0401284109149276e-05,
        "546": 2.0209309791332265e-05,
        "554": 2.0017335473515248e-05,
        "562": 1.9825361155698234e-05,
        "570": 1.963338683788122e-05,
        "578": 1.9441412520064206e-05,
        "586": 1.924943820224719e-05,
        "594": 1.9057463884430177e-05,
        "602": 1.8865489566613163e-05,
        "610": 1.8673515248796146e-05,